{"stats":{"minecraft:custom":{"minecraft:time_since_rest":2379,"minecraft:deaths":3,"minecraft:crouch_one_cm":529,"minecraft:play_time":10544,"minecraft:sprint_one_cm":25196,"minecraft:damage_taken":720,"minecraft:walk_one_cm":21325,"minecraft:sneak_time":513,"minecraft:jump":124,"minecraft:leave_game":1,"minecraft:damage_dealt":255,"minecraft:time_since_death":2354,"minecraft:climb_one_cm":489,"minecraft:total_world_time":10544,"minecraft:fall_one_cm":4226,"minecraft:fly_one_cm":21924,"minecraft:player_kills":1},"minecraft:picked_up":{"minecraft:oak_log":3,"minecraft:dirt":1},"minecraft:mined":{"minecraft:grass":1,"minecraft:grass_block":1,"minecraft:oak_log":2,"projectvibrantjourneys:short_grass":3,"immersive_weathering:ivy":1,"minecraft:lily_pad":1},"minecraft:killed":{"minecraft:player":1},"minecraft:killed_by":{"minecraft:player":1,"alexsmobs:crocodile":1,"alexsmobs:grizzly_bear":1},"minecraft:used":{"minecraft:oak_planks":7,"alexsmobs:animal_dictionary":2},"minecraft:crafted":{"minecraft:oak_planks":12}},"DataVersion":3465}