{"stats":{"minecraft:custom":{"minecraft:time_since_rest":17198,"lootr:looted_stat":1,"minecraft:sprint_one_cm":100462,"minecraft:damage_taken":323,"minecraft:walk_one_cm":75600,"minecraft:trigger_trapped_chest":4,"minecraft:mob_kills":14,"minecraft:drop":5,"minecraft:damage_dealt":2517,"minecraft:player_kills":1,"minecraft:fly_one_cm":353194,"minecraft:crouch_one_cm":812,"minecraft:play_time":40563,"minecraft:deaths":1,"minecraft:sneak_time":221,"minecraft:walk_under_water_one_cm":284,"minecraft:jump":696,"minecraft:time_since_death":17178,"minecraft:leave_game":2,"minecraft:walk_on_water_one_cm":134,"minecraft:climb_one_cm":53,"minecraft:total_world_time":40563,"minecraft:fall_one_cm":4665},"minecraft:picked_up":{"endrem:witch_pupil":1,"minecraft:potion":1,"minecraft:gunpowder":7,"minecraft:dirt":2,"minecraft:string":2,"minecraft:bone":4,"minecraft:arrow":3,"minecraft:rotten_flesh":2,"minecraft:bow":1,"minecraft:wheat_seeds":1,"minecraft:poppy":2,"minecraft:glowstone_dust":1},"minecraft:mined":{"minecraft:grass":2,"minecraft:grass_block":2,"minecraft:oak_log":1,"minecraft:oak_leaves":2},"minecraft:killed":{"minecraft:skeleton":3,"minecraft:zombie":4,"minecraft:witch":1,"minecraft:spider":2,"minecraft:player":1,"minecraft:creeper":4},"minecraft:dropped":{"endrem:witch_pupil":1,"minecraft:rotten_flesh":2,"minecraft:glowstone_dust":1,"minecraft:string":1,"minecraft:bone":2},"minecraft:killed_by":{"minecraft:player":1},"minecraft:used":{"alexsmobs:spawn_egg_fly":1,"alexsmobs:spawn_egg_grizzly_bear":1,"alexsmobs:spawn_egg_hummingbird":1,"alexsmobs:spawn_egg_sunbird":1,"alexsmobs:spawn_egg_orca":1,"alexsmobs:spawn_egg_bone_serpent":1,"aquaculture:neptunium_sword":30,"minecraft:dirt":2,"alexsmobs:spawn_egg_crocodile":1,"aquamirae:tortured_soul_spawn_egg":1,"alexsmobs:spawn_egg_roadrunner":1,"alexsmobs:spawn_egg_gazelle":2,"alexsmobs:animal_dictionary":1}},"DataVersion":3465}