{"stats":{"minecraft:killed":{"minecraft:pig":1},"minecraft:mined":{"minecraft:grass":5,"minecraft:grass_block":3},"minecraft:dropped":{"minecraft:porkchop":2},"minecraft:picked_up":{"minecraft:porkchop":2,"minecraft:dirt":3},"minecraft:used":{"minecraft:dirt":3,"minecraft:flint_and_steel":6,"minecraft:tnt":12},"minecraft:custom":{"minecraft:jump":13,"minecraft:time_since_rest":3305,"minecraft:leave_game":1,"minecraft:damage_dealt":100,"minecraft:crouch_one_cm":98,"minecraft:sprint_one_cm":1118,"minecraft:play_time":3305,"minecraft:time_since_death":3305,"minecraft:walk_one_cm":6719,"minecraft:sneak_time":25,"minecraft:total_world_time":3305,"minecraft:mob_kills":1,"minecraft:drop":2,"minecraft:fall_one_cm":685,"minecraft:fly_one_cm":3850}},"DataVersion":3465}