{
  "comforts:sleeping_bag_light_blue": {
    "criteria": {
      "has_the_recipe": "2024-06-19 05:15:45 +0000"
    },
    "done": true
  },
  "beachparty:palm_sign": {
    "criteria": {
      "has_the_recipe": "2024-06-19 05:15:45 +0000"
    },
    "done": true
  },
  "comforts:hammock_purple": {
    "criteria": {
      "has_the_recipe": "2024-06-19 05:15:45 +0000"
    },
    "done": true
  },
  "beachparty:sunglasses": {
    "criteria": {
      "has_the_recipe": "2024-06-19 05:15:45 +0000"
    },
    "done": true
  },
  "comforts:sleeping_bag_pink": {
    "criteria": {
      "has_the_recipe": "2024-06-19 05:15:45 +0000"
    },
    "done": true
  },
  "comforts:hammock_magenta": {
    "criteria": {
      "has_the_recipe": "2024-06-19 05:15:45 +0000"
    },
    "done": true
  },
  "beachparty:palm_pressure_plate": {
    "criteria": {
      "has_the_recipe": "2024-06-19 05:15:45 +0000"
    },
    "done": true
  },
  "beachparty:bikini": {
    "criteria": {
      "has_the_recipe": "2024-06-19 05:15:45 +0000"
    },
    "done": true
  },
  "beachparty:palm_chest_boat": {
    "criteria": {
      "has_the_recipe": "2024-06-19 05:15:45 +0000"
    },
    "done": true
  },
  "comforts:hammock_red": {
    "criteria": {
      "has_the_recipe": "2024-06-19 05:15:45 +0000"
    },
    "done": true
  },
  "beachparty:mini_fridge": {
    "criteria": {
      "has_the_recipe": "2024-06-19 05:15:45 +0000"
    },
    "done": true
  },
  "vs_eureka:recipes/balloon_color": {
    "criteria": {
      "has_red_balloon": "2024-06-19 05:15:45 +0000",
      "has_black_balloon": "2024-06-19 05:15:45 +0000",
      "has_lime_balloon": "2024-06-19 05:15:45 +0000",
      "has_cyan_balloon": "2024-06-19 05:15:45 +0000",
      "has_light_blue_balloon": "2024-06-19 05:15:45 +0000",
      "has_gray_balloon": "2024-06-19 05:15:45 +0000",
      "has_pink_balloon": "2024-06-19 05:15:45 +0000",
      "has_light_gray_balloon": "2024-06-19 05:15:45 +0000",
      "has_white_balloon": "2024-06-19 05:15:45 +0000",
      "has_blue_balloon": "2024-06-19 05:15:45 +0000",
      "has_yellow_balloon": "2024-06-19 05:15:45 +0000",
      "has_purple_balloon": "2024-06-19 05:15:45 +0000",
      "has_orange_balloon": "2024-06-19 05:15:45 +0000",
      "has_brown_balloon": "2024-06-19 05:15:45 +0000",
      "has_green_balloon": "2024-06-19 05:15:45 +0000",
      "has_magenta_balloon": "2024-06-19 05:15:45 +0000"
    },
    "done": true
  },
  "comforts:sleeping_bag_white": {
    "criteria": {
      "has_the_recipe": "2024-06-19 05:15:45 +0000"
    },
    "done": true
  },
  "comforts:sleeping_bag_gray": {
    "criteria": {
      "has_the_recipe": "2024-06-19 05:15:45 +0000"
    },
    "done": true
  },
  "comforts:rope_and_nail": {
    "criteria": {
      "has_the_recipe": "2024-06-19 05:15:45 +0000"
    },
    "done": true
  },
  "beachparty:chair": {
    "criteria": {
      "has_the_recipe": "2024-06-19 05:15:45 +0000"
    },
    "done": true
  },
  "comforts:sleeping_bag_cyan": {
    "criteria": {
      "has_the_recipe": "2024-06-19 05:15:45 +0000"
    },
    "done": true
  },
  "comforts:sleeping_bag_light_gray": {
    "criteria": {
      "has_the_recipe": "2024-06-19 05:15:45 +0000"
    },
    "done": true
  },
  "crabbersdelight:main/root": {
    "criteria": {
      "seeds": "2024-06-19 05:15:45 +0000"
    },
    "done": true
  },
  "comforts:hammock_black": {
    "criteria": {
      "has_the_recipe": "2024-06-19 05:15:45 +0000"
    },
    "done": true
  },
  "beachparty:palm_beam": {
    "criteria": {
      "has_the_recipe": "2024-06-19 05:15:45 +0000"
    },
    "done": true
  },
  "beachparty:palm_door": {
    "criteria": {
      "has_the_recipe": "2024-06-19 05:15:45 +0000"
    },
    "done": true
  },
  "beachparty:beach_hat": {
    "criteria": {
      "has_the_recipe": "2024-06-19 05:15:45 +0000"
    },
    "done": true
  },
  "friendsandfoes:misc/yellow_dye_from_buttercup": {
    "criteria": {
      "has_the_recipe": "2024-06-19 05:15:45 +0000"
    },
    "done": true
  },
  "meadow:main/root": {
    "criteria": {
      "seeds": "2024-06-19 05:15:45 +0000"
    },
    "done": true
  },
  "farmersdelight:main/root": {
    "criteria": {
      "seeds": "2024-06-19 05:15:45 +0000"
    },
    "done": true
  },
  "create:root": {
    "criteria": {
      "0": "2024-06-19 05:15:45 +0000"
    },
    "done": true
  },
  "beachparty:hammock": {
    "criteria": {
      "has_the_recipe": "2024-06-19 05:15:45 +0000"
    },
    "done": true
  },
  "naturescompass:natures_compass_log": {
    "criteria": {
      "has_recipe": "2024-06-19 05:15:45 +0000"
    },
    "done": true
  },
  "comforts:hammock_gray": {
    "criteria": {
      "has_the_recipe": "2024-06-19 05:15:45 +0000"
    },
    "done": true
  },
  "comforts:hammock_cyan": {
    "criteria": {
      "has_the_recipe": "2024-06-19 05:15:45 +0000"
    },
    "done": true
  },
  "comforts:sleeping_bag_purple": {
    "criteria": {
      "has_the_recipe": "2024-06-19 05:15:45 +0000"
    },
    "done": true
  },
  "comforts:sleeping_bag_green": {
    "criteria": {
      "has_the_recipe": "2024-06-19 05:15:45 +0000"
    },
    "done": true
  },
  "comforts:hammock_light_blue": {
    "criteria": {
      "has_the_recipe": "2024-06-19 05:15:45 +0000"
    },
    "done": true
  },
  "beachparty:table": {
    "criteria": {
      "has_the_recipe": "2024-06-19 05:15:45 +0000"
    },
    "done": true
  },
  "beachparty:cabinet": {
    "criteria": {
      "has_the_recipe": "2024-06-19 05:15:45 +0000"
    },
    "done": true
  },
  "bakery:main/root": {
    "criteria": {
      "seeds": "2024-06-19 05:15:45 +0000"
    },
    "done": true
  },
  "beachparty:palm_floorboard": {
    "criteria": {
      "has_the_recipe": "2024-06-19 05:15:45 +0000"
    },
    "done": true
  },
  "beachparty:radio": {
    "criteria": {
      "has_the_recipe": "2024-06-19 05:15:45 +0000"
    },
    "done": true
  },
  "comforts:sleeping_bag_magenta": {
    "criteria": {
      "has_the_recipe": "2024-06-19 05:15:45 +0000"
    },
    "done": true
  },
  "beachparty:palm_planks": {
    "criteria": {
      "has_the_recipe": "2024-06-19 05:15:45 +0000"
    },
    "done": true
  },
  "comforts:hammock_green": {
    "criteria": {
      "has_the_recipe": "2024-06-19 05:15:45 +0000"
    },
    "done": true
  },
  "naturescompass:natures_compass": {
    "criteria": {
      "has_recipe": "2024-06-19 05:15:45 +0000"
    },
    "done": true
  },
  "comforts:sleeping_bag_black": {
    "criteria": {
      "has_the_recipe": "2024-06-19 05:15:45 +0000"
    },
    "done": true
  },
  "comforts:hammock_lime": {
    "criteria": {
      "has_the_recipe": "2024-06-19 05:15:45 +0000"
    },
    "done": true
  },
  "naturescompass:natures_compass_sapling": {
    "criteria": {
      "has_recipe": "2024-06-19 05:15:45 +0000"
    },
    "done": true
  },
  "beachparty:palm_stairs": {
    "criteria": {
      "has_the_recipe": "2024-06-19 05:15:45 +0000"
    },
    "done": true
  },
  "beachparty:tiki_chair": {
    "criteria": {
      "has_the_recipe": "2024-06-19 05:15:45 +0000"
    },
    "done": true
  },
  "comforts:sleeping_bag_red": {
    "criteria": {
      "has_the_recipe": "2024-06-19 05:15:45 +0000"
    },
    "done": true
  },
  "beachparty:palm_boat": {
    "criteria": {
      "has_the_recipe": "2024-06-19 05:15:45 +0000"
    },
    "done": true
  },
  "comforts:sleeping_bag_orange": {
    "criteria": {
      "has_the_recipe": "2024-06-19 05:15:45 +0000"
    },
    "done": true
  },
  "comforts:hammock_blue": {
    "criteria": {
      "has_the_recipe": "2024-06-19 05:15:45 +0000"
    },
    "done": true
  },
  "comforts:hammock_white": {
    "criteria": {
      "has_the_recipe": "2024-06-19 05:15:45 +0000"
    },
    "done": true
  },
  "comforts:hammock_light_gray": {
    "criteria": {
      "has_the_recipe": "2024-06-19 05:15:45 +0000"
    },
    "done": true
  },
  "comforts:sleeping_bag_brown": {
    "criteria": {
      "has_the_recipe": "2024-06-19 05:15:45 +0000"
    },
    "done": true
  },
  "beachparty:beach_chair": {
    "criteria": {
      "has_the_recipe": "2024-06-19 05:15:45 +0000"
    },
    "done": true
  },
  "vs_eureka:recipes/ship_helm": {
    "criteria": {
      "has_gold": "2024-06-19 05:15:45 +0000"
    },
    "done": true
  },
  "beachparty:palm_slab": {
    "criteria": {
      "has_the_recipe": "2024-06-19 05:15:45 +0000"
    },
    "done": true
  },
  "comforts:hammock_pink": {
    "criteria": {
      "has_the_recipe": "2024-06-19 05:15:45 +0000"
    },
    "done": true
  },
  "comforts:hammock_brown": {
    "criteria": {
      "has_the_recipe": "2024-06-19 05:15:45 +0000"
    },
    "done": true
  },
  "comforts:sleeping_bag_lime": {
    "criteria": {
      "has_the_recipe": "2024-06-19 05:15:45 +0000"
    },
    "done": true
  },
  "beachparty:palm_fence_gate": {
    "criteria": {
      "has_the_recipe": "2024-06-19 05:15:45 +0000"
    },
    "done": true
  },
  "comforts:hammock_yellow": {
    "criteria": {
      "has_the_recipe": "2024-06-19 05:15:45 +0000"
    },
    "done": true
  },
  "beachparty:palm_trapdoor": {
    "criteria": {
      "has_the_recipe": "2024-06-19 05:15:45 +0000"
    },
    "done": true
  },
  "beachparty:palm_fence": {
    "criteria": {
      "has_the_recipe": "2024-06-19 05:15:45 +0000"
    },
    "done": true
  },
  "beachparty:palm_button": {
    "criteria": {
      "has_the_recipe": "2024-06-19 05:15:45 +0000"
    },
    "done": true
  },
  "beachparty:palm_tall_torch": {
    "criteria": {
      "has_the_recipe": "2024-06-19 05:15:45 +0000"
    },
    "done": true
  },
  "comforts:sleeping_bag_blue": {
    "criteria": {
      "has_the_recipe": "2024-06-19 05:15:45 +0000"
    },
    "done": true
  },
  "beachparty:palm_wood": {
    "criteria": {
      "has_the_recipe": "2024-06-19 05:15:45 +0000"
    },
    "done": true
  },
  "comforts:sleeping_bag_yellow": {
    "criteria": {
      "has_the_recipe": "2024-06-19 05:15:45 +0000"
    },
    "done": true
  },
  "candlelight:main/root": {
    "criteria": {
      "seeds": "2024-06-19 05:15:45 +0000"
    },
    "done": true
  },
  "beachparty:beach_towel": {
    "criteria": {
      "has_the_recipe": "2024-06-19 05:15:45 +0000"
    },
    "done": true
  },
  "beachparty:lounge_chair": {
    "criteria": {
      "has_the_recipe": "2024-06-19 05:15:45 +0000"
    },
    "done": true
  },
  "vinery:main/root": {
    "criteria": {
      "seeds": "2024-06-19 05:15:45 +0000"
    },
    "done": true
  },
  "comforts:hammock_orange": {
    "criteria": {
      "has_the_recipe": "2024-06-19 05:15:45 +0000"
    },
    "done": true
  },
  "iceandfire:iceandfire/root": {
    "criteria": {
      "tick": "2024-06-19 05:15:46 +0000"
    },
    "done": true
  },
  "morevillagers:root": {
    "criteria": {
      "always": "2024-06-19 05:15:46 +0000"
    },
    "done": true
  },
  "dungeons_arise:wda_root": {
    "criteria": {
      "WDA": "2024-06-19 05:15:46 +0000"
    },
    "done": true
  },
  "repurposed_structures:root": {
    "criteria": {
      "always": "2024-06-19 05:15:46 +0000"
    },
    "done": true
  },
  "exoticbirds:default/root": {
    "criteria": {
      "launch_mod": "2024-06-19 05:15:46 +0000"
    },
    "done": true
  },
  "mowziesmobs:root": {
    "criteria": {
      "custom_test_name": "2024-06-19 05:15:46 +0000"
    },
    "done": true
  },
  "betterdungeons:root": {
    "criteria": {
      "always": "2024-06-19 05:15:46 +0000"
    },
    "done": true
  },
  "lootr:root": {
    "criteria": {
      "always_true": "2024-06-19 05:15:46 +0000"
    },
    "done": true
  },
  "betterdeserttemples:root": {
    "criteria": {
      "always": "2024-06-19 05:15:46 +0000"
    },
    "done": true
  },
  "cataclysm:root": {
    "criteria": {
      "custom_test_name": "2024-06-19 05:15:46 +0000"
    },
    "done": true
  },
  "biomesoplenty:biomesoplenty/root": {
    "criteria": {
      "woodland": "2024-06-19 05:15:48 +0000"
    },
    "done": true
  },
  "biomesoplenty:biomesoplenty/all_biomes": {
    "criteria": {
      "woodland": "2024-06-19 05:15:48 +0000",
      "old_growth_woodland": "2024-06-20 22:43:50 +0000",
      "mediterranean_forest": "2024-06-19 05:25:44 +0000",
      "dryland": "2024-06-19 23:47:57 +0000",
      "wasteland": "2024-06-19 05:24:53 +0000",
      "lush_desert": "2024-06-19 05:24:59 +0000"
    },
    "done": false
  },
  "alexsmobs:alexsmobs/root": {
    "criteria": {
      "useitem": "2024-06-19 05:16:25 +0000"
    },
    "done": true
  },
  "minecraft:husbandry/root": {
    "criteria": {
      "consumed_item": "2024-06-19 05:16:25 +0000"
    },
    "done": true
  },
  "dungeons_arise:find_mushroom_house": {
    "criteria": {
      "location0": "2024-06-19 05:23:46 +0000"
    },
    "done": true
  },
  "minecraft:adventure/adventuring_time": {
    "criteria": {
      "minecraft:river": "2024-06-20 22:43:48 +0000",
      "minecraft:forest": "2024-06-20 22:47:21 +0000",
      "minecraft:desert": "2024-06-19 23:48:01 +0000",
      "minecraft:plains": "2024-06-20 22:43:59 +0000"
    },
    "done": false
  },
  "minecraft:adventure/root": {
    "criteria": {
      "killed_something": "2024-06-19 23:49:08 +0000"
    },
    "done": true
  },
  "minecraft:adventure/kill_all_mobs": {
    "criteria": {
      "minecraft:skeleton": "2024-06-19 23:49:13 +0000",
      "minecraft:spider": "2024-06-19 23:49:25 +0000",
      "minecraft:creeper": "2024-06-19 23:49:26 +0000",
      "minecraft:witch": "2024-06-19 23:49:08 +0000",
      "minecraft:zombie": "2024-06-19 23:49:10 +0000"
    },
    "done": false
  },
  "minecraft:adventure/kill_a_mob": {
    "criteria": {
      "minecraft:witch": "2024-06-19 23:49:08 +0000"
    },
    "done": true
  },
  "immersive_armors:recipes/misc/bone": {
    "criteria": {
      "has_item": "2024-06-19 23:49:14 +0000"
    },
    "done": true
  },
  "spelunkery:recipes/gunpowder": {
    "criteria": {
      "has_item": "2024-06-19 23:49:27 +0000"
    },
    "done": true
  },
  "dungeons_enhanced:ambitious_explorer": {
    "criteria": {
      "entered_stables": "2024-06-19 23:52:14 +0000",
      "entered_ruined_building": "2024-06-19 23:51:08 +0000"
    },
    "done": false
  },
  "dungeons_enhanced:root": {
    "criteria": {
      "entered_ruined_building": "2024-06-19 23:51:08 +0000"
    },
    "done": true
  },
  "lootr:1chest": {
    "criteria": {
      "opened_chest": "2024-06-19 23:52:16 +0000"
    },
    "done": true
  },
  "lootr:social": {
    "criteria": {
      "opened_chest": "2024-06-19 23:52:16 +0000"
    },
    "done": false
  },
  "mutantmonsters:root": {
    "criteria": {
      "killed_by_something": "2024-06-20 22:48:08 +0000"
    },
    "done": true
  },
  "immersive_weathering:immersive_weathering/dirts": {
    "criteria": {
      "dirt": "2024-06-20 22:46:43 +0000"
    },
    "done": false
  },
  "DataVersion": 3465
}